pixels,images,cost,time
1024,1,0.02,7.3524017333984375
512,1,0.018,4.861021041870117
256,1,0.016,4.846764802932739
